Name,URL,Language,Resource Type,Tags,State,Note 2 ,Year,Note,Organisation
 FINAL REPORT ON STATUS OF AGRICULTURE IN KHAGARIA AND SAHARSA (BIHAR)_JULY 27_2017.pdf,https://drive.google.com/file/d/1q3mKrKGkhyhgp03DCnPsjQ0yCnWLZwal/view?usp=sharing,English,Study/Report ,,Bihar,,,Regenerative Agriculture,PRADAN
10 Decimal Zameen Me Barsati Tamatar Ka Kheti,https://drive.google.com/file/d/0ByE9Mc41r3OrQ01ESktZaEhvSTA/view?usp=sharing,English,Training PPTs/materials,,,,2012,Regenerative Agriculture,PRADAN
65 Livelihood Solutions : Solar Tech ,https://drive.google.com/file/d/1TXkdZtZrqIyvSotjZgQr6fc2H7huP-oC/view?usp=sharing,English,catalogue,"Solar, Appropriate Technology, technology, livelihoods, net zero",,catalogue of solar : tech livelihood solutions possibilities over multiple value chains/ raw materials/ praducts. ,,Yes,Selco
175 Livelihood Solutions : Solar Tech ,https://drive.google.com/file/d/1gXQYKo3eFLddEraHdEjkK8AT8oxk84DF/view?usp=sharing,English,catalogue,"Solar, Appropriate Technology, technology, livelihoods, net zero",,catalogue of solar : tech livelihood solutions possibilities over multiple value chains/ raw materials/ praducts. ,,Yes,Selco
A Hidden Cost: The Pandemic Impact on Nutrition,https://drive.google.com/file/d/1HIVM_ALcXdUNrNSpfMQsgNwvIXc-I7M5/view?usp=sharing,English,,,,A Policy Note developed by Centre for Policy Research and Accountability Initiative on Impact of COVID on Nutrition and the recommendations,,,Centre for Policy Research and Accountability Initiative
A model-based exploration of farm-household livelihood and nutrition indicators to guide nutrition-sensitive agriculture interventions,https://drive.google.com/file/d/1VOl2pNE4ghg6SpXPxQElCWJfd-7sPUs4/view?usp=sharing,English,,,,,,,Food Security 2020
Abu Road livelihood & goat sub-sector study,https://drive.google.com/file/d/0ByE9Mc41r3OrMng5YXFNaUtfeG8/view?usp=sharing,English,Study/Report ,,Rajasthan,,2010,Livestock and Poultry,PRADAN
Abu Road livelihood & goat sub-sector study,https://drive.google.com/file/d/0ByE9Mc41r3OrMng5YXFNaUtfeG8/view?usp=sharing,English,,,,"Value Chain Study of Goat in Abu Road, Rajasthan",,,Pradan
Auding Local PHC,https://drive.google.com/file/d/1gPd-NiEtnUOs_3aYQqp3RP141RdQLNMt/view?usp=drive_link,English,,,,Urban  ,,,Reap Benefit
Bamboo Farming,https://drive.google.com/file/d/1MV5HTGMApd7vC4OxO9OMTmuYmUeH_DY0/view?usp=sharing,English,Document,"Bamboo, craft, fibre, Material, cultivation",,,,Yes,Industree
Blackspot Fixing ,https://drive.google.com/file/d/1WCCBLM9U-xbW_0Z4kSWAy9NEIDvqTVoF/view?usp=drive_link,English,,,,Urban  ,,,Reap Benefit
BRC Technical Manual,https://drive.google.com/file/d/11hsSzOB-VA78xm2yXw3pwQl6eUwsSiKh/view?usp=sharing,English,Book,"BRC, bio-resource center, fertilizer, pesticide, repellant, Natural Farming, Regenerative Agriculture, agriculture, Regen Agriculture",,"80 formulations of bioinputs for plant nutrition, pest management, seed treatment etc. ",,Yes,NCNF
Bridge the Information Gap,https://drive.google.com/file/d/1WCCBLM9U-xbW_0Z4kSWAy9NEIDvqTVoF/view?usp=drive_link,English,,,,Urban  ,,,Reap Benefit
Call your Representative,https://drive.google.com/file/d/1wJDartPTfH4a1AVkcBP3UOtYW2ZbpIs6/view?usp=drive_link,English,,,,Urban  ,,,Reap Benefit
Capacity building for Board of Directors - FPO,https://drive.google.com/file/d/1Pu_Rw8_T3HvgYy0W0dMeRWDaOl4QciJn/view?usp=sharing,English,,,,,,,
Chick Pea - Value Chain analysis,https://drive.google.com/file/d/0ByE9Mc41r3OrTVRGLTY4c09QVEk/view?usp=sharing,English,,,,Study on Value Chain analysis of Chickpea,,,Pradan
Chick Pea - Value Chain analysis  ,https://drive.google.com/file/d/0ByE9Mc41r3OrTVRGLTY4c09QVEk/view?usp=sharing,English,Study/Report ,,,,2010,Regenerative Agriculture,PRADAN
Community Seedbanks Doc ,https://drive.google.com/file/d/1lkFpKdW0IF6gc-1kls_B_dXItI2aV3IT/view?usp=drivesdk,English,Document,,,,,,Wassan
Compliance Calendar for 2020-21 (FPO Training),https://drive.google.com/file/d/1e-nrsgDNlHElQU5hGFjxVW3226EJURjf/view?usp=sharing,English,,,,,,,
Different Steps of Toilet Unit Construction,https://drive.google.com/file/d/0ByE9Mc41r3OrQmpwczhaOTA4dU0/view?usp=sharing,English,,,,Picture Presentation to generate awareness among community about Different steps of Toilet Unit Construction,,,PRADAN
District Research Study - Implementation & Impact of MGNREGA ,https://drive.google.com/file/d/0ByE9Mc41r3OrRENnaEpYY3pTX0k/view?usp=sharing,English,,,,District research study on implementation and impact of MGNREGA in West Bengal. ,,,PRADAN
Drip Irrigation,https://drive.google.com/file/d/1NNAe66zCZuoqzXYj1O929c2qMVmo-BEP/view?usp=drive_link,English,,,,Urban  ,,,Reap Benefit
E Cycle ,https://drive.google.com/file/d/1pE96wmiRV0gyISOAFNfgqOYONwRqRQmR/view?usp=drive_link,English,,,,Urban  ,,,Reap Benefit
"FAN 2020 - Food, Agriculture and Nutrition In India -2020",https://drive.google.com/file/d/1RZsdgmb6VLLXotlxap6NqleBSklZ39vr/view?usp=sharing,English,,,,FAN 2020 focuses on the state of hunger and malnutrition in India in the context of SDG and the recommendations,,,Tata Cornell Institute for Agriculture and Nutrition
Farmer Cup Rules & Marking System,https://drive.google.com/file/d/1rljIOU63sKCUezO02vLboFFYm12JiGm3/view?usp=sharing,English,Document,,,,,Yes,Paani Foundation
Feasibility Study to support System of Rice Intensification (SRI),https://drive.google.com/file/d/0ByE9Mc41r3OrajJRd0tXWC04Tms/view?usp=sharing,English,,,,,,,Pradan
Fields of Change: Managerial Insights on FPOs in India,https://drive.google.com/file/d/1J5T_r39IHHTlJoKQMiNsYyw_kcYB3GEX/view?usp=sharing,English,Book,,,,,Yes,IRMA
FINAL REPORT ON STATUS OF AGRICULTURE IN KHAGARIA AND SAHARSA (BIHAR)_JULY 27_2017,https://drive.google.com/file/d/1q3mKrKGkhyhgp03DCnPsjQ0yCnWLZwal/view?usp=sharing,English,,,,"PRADAN is a relatively new entrant in the districts of Khagaria and Saharsa. Hence one of the main
objectives of the survey was to understand the state of agriculture in these two districts. Reliable
information on these aspects is expected to help PRADAN formulate appropriate strategies for
interventions leading to increased income, security and nutrition for the rural households in these
districts.",,,PRADAN
Finger Millet - training by Ganapathy KN- Indian Institute of Millet Research,https://drive.google.com/file/d/12jjHKu2BgCi66L0Ots0jp83cg9wPtekg/view?usp=sharing,English,,,,Training conducted by Ganapathy KN- Indian Institute of Millet Research,,,IIMR
Format for Pest Identification and It's Management,https://drive.google.com/file/d/0ByE9Mc41r3OrTDZZZWU1anBEYzQ/view?usp=sharing,English,Process Documentation/ Guidelines,,,,2011,Regenerative Agriculture,PRADAN
Format for Pest Identification and It's Management,https://drive.google.com/file/d/0ByE9Mc41r3OrTDZZZWU1anBEYzQ/view?usp=sharing,English,,,,Pest identification in different crops and its management,,,PRADAN
FPC registration procedure.pdf,https://drive.google.com/file/d/1df97yS2-vQawRY3Va5Yx0fzta4fHWWOv/view?usp=sharing,English,Process Documentation/ Guidelines,,,,,Regenerative Agriculture,PRADAN
FPO Registration Process,https://drive.google.com/file/d/1df97yS2-vQawRY3Va5Yx0fzta4fHWWOv/view?usp=sharing,English,,,,Guideline for FPO Registration Process ,,,PRADAN
Gliricidia,https://drive.google.com/file/d/0ByE9Mc41r3OrV1I3WF9VbXBuWms/view?usp=sharing,English,,,,Package of practice for Gliricidia- a live fence and green manure,,,Pradan
Goat Cluster in the Sarmathura region of Dholpur Case Study of a Good Practice,https://drive.google.com/file/d/0ByE9Mc41r3OrM3BVRnJjMFdOTjA/view?usp=sharing,English,,,,,,,"Institute of Development Studies, Jaipur"
Goat Cluster in the Sarmathura region of Dholpur Case Study of a Good Practice,https://drive.google.com/file/d/0ByE9Mc41r3OrM3BVRnJjMFdOTjA/view?usp=sharing,English,Impact Evaluation for Ongoing/Past Projects,,Rajasthan,,2006,Livestock and Poultry,PRADAN
Good Composting ,https://drive.google.com/file/d/1mm_kRefIM4lr-ZzniYLEYdWC8GlNPELn/view?usp=drive_link,English,,,,Urban,,,Reap Benefit
Good Water Habits ,https://drive.google.com/file/d/12P3YEanQg1pnyfijgShinZdV_Frv6yUl/view?usp=drive_link,English,,,,Urban  ,,,Reap Benefit
Handbook of Sustainable Agriculture,https://drive.google.com/file/d/0ByE9Mc41r3OrS1ZPUTdFS2tMTlE/view?usp=sharing,English,Handbook/Resource Book,,"Karnataka, Mizoram, Sikkim, Kerala, Maharashtra, HP, Andhra Pradesh, Gujarat, MP",,2016,Regenerative Agriculture,PRADAN
Handbook of Sustainable Agriculture ,https://drive.google.com/file/d/0ByE9Mc41r3OrS1ZPUTdFS2tMTlE/view?usp=sharing,English,,,,"The handbook on Sustainable Agriculture is for practioners, academicians and policy makers. The book focusses on the principles and practices of sustainable agriculture  ",,,Pradan
Handbook of Sustainable Agriculture - Field Reports,https://drive.google.com/file/d/0ByE9Mc41r3OrdWh1bnpKVjlmOG8/view?usp=sharing,English,Handbook/Resource Book,,"Kerala, Odisha, Tamil Nadu, Punjab, Rajasthan, Uttarakhand, Himachal Pradesh, Madhya Pradesh, Maharashtra, Telangana, Karnataka, Andhra Pradesh, Chhattisgarh and West Bengal",,2016,Regenerative Agriculture,PRADAN
Handbook of Sustainable Agriculture - Field Reports,https://drive.google.com/file/d/0ByE9Mc41r3OrdWh1bnpKVjlmOG8/view?usp=sharing,English,,,,"The handbook on Sustainable Agriculture is for practioners, academicians and policy makers. The book has field reports from different parts of India practicing sustainable agriculture",,,Pradan
Home Composting & Terrace Gardening ,https://drive.google.com/file/d/1WOdTWCFEQZhMTiUXZFoUW9A_ctst5a1O/view?usp=sharing,English,Presentation,"gardening, terrace, vegetable garden",,,,,OFYT
Home Gardens for Seed Conservation & Nutrition ,https://drive.google.com/file/d/1tCVLah9wreNJvYTE91GmBRqzAnINDJqe/view?usp=sharing,English,Booklet ,,,,,Yes,CIKS
Impact Assessment of BRLP supported  Pradan’s SRI Program in Bihar,https://drive.google.com/file/d/0ByE9Mc41r3OrYzBQck1xcnBuUDA/view?usp=sharing,English,,,,Impact Assessment Study on Paddy productivity enhancement through SRI promotion in Nalanda and Gaya districts of Bihar in World Bank funded Bihar Rural Livelihood Promotion Society (BRLPS) project,,,Pradan
Impact Assessment of BRLP supported  Pradan’s SRI Program in Bihar,https://drive.google.com/file/d/0ByE9Mc41r3OrYzBQck1xcnBuUDA/view?usp=sharing,English,Study/Report ,,Bihar,,,Regenerative Agriculture,PRADAN
Impact Assessment of Pradan’s Sericulture Program in Bihar and Jharkhand,https://drive.google.com/file/d/0ByE9Mc41r3OrNHlCTkxCbHdCbDA/view?usp=sharing,English,,,,Impact Assessment Study of PRADAN's Sericulture Program on primary producers at different levels of value chain and the value chain itself. ,,,Pradan
Impact of COVID 19 on Food Security and Nutrition,https://drive.google.com/file/d/1GS7FCGrY9Wjr6FyZMSuBF_PjjcZFCbZW/view?usp=sharing,English,,,,"The Policy briefs highlights the immediate, near/medium, and beyond the crises ",,,United Nations
Implementing Integrated Natural Resource Management Projects under  the National Rural Employment Act 2005 (INRM Manual English),https://drive.google.com/file/d/0ByE9Mc41r3OrUTNobVRDcW9ld00/view?usp=sharing,English,,,,Manual on implementing Integrated Natural Resource Management  (INRM) based projects under the Mahatma Gandhi National Rural Employment Guarantee Act based on the experiences of PRADAN,,,Pradan
Implementing Integrated Natural Resource Management Projects under  the National Rural Employment Act 2005 (INRM Manual English),https://drive.google.com/file/d/0ByE9Mc41r3OrUTNobVRDcW9ld00/view?usp=sharing,English,Handbook/Resource Book,,,,,Regenerative Agriculture,PRADAN
Importance of Wash - Training,https://drive.google.com/file/d/0ByE9Mc41r3OrVTh4REI5SzF0cVk/view?usp=sharing,English,,,,Presentation on Importance of WASH to develop understanding among Community Resource Persons and Community Members on Water and Sanitation,,,PRADAN
Insect and Disease Management of Cucurbits Vegetables,https://drive.google.com/file/d/1k28UujbsQ5RQrKIpekGTU0Ht8FPGLDEh/view?usp=sharing,English,,,,Training conducted by Jaipal S. Choudhary,,,"ICAR-RCER, Farming Systems Research Centre for Hill and Plateau Region, Ranchi"
Insect Pests of Flower and Pods,https://drive.google.com/file/d/0ByE9Mc41r3Orb3Vldk0yYmpJT1k/view?usp=sharing,English,,,,Identification of Pests and their control in flower and pods,,,PRADAN
Insect Pests of Flower and Pods,https://drive.google.com/file/d/0ByE9Mc41r3Orb3Vldk0yYmpJT1k/view?usp=sharing,English,Process Documentation/ Guidelines,,,,2011,Regenerative Agriculture,PRADAN
Integrated Natural Resource Management (INRM) - A Discussion Paper,https://drive.google.com/file/d/0ByE9Mc41r3OrOUdKb25VX3hfQkU/view?usp=sharing,English,,,,Discussion Paper to understand the scope of Integrated Natural Resource Managemnet ( INRM),,,Pradan
Integrated Natural Resource Management (INRM) - A Discussion Paper,https://drive.google.com/file/d/0ByE9Mc41r3OrOUdKb25VX3hfQkU/view?usp=sharing,English,Discussion Paper,,,,,Regenerative Agriculture,PRADAN
IPM in Brinjal,https://drive.google.com/file/d/0ByE9Mc41r3OrVV9CTUdLaExCZ0k/view?usp=sharing,English,Training PPTs/materials,,,,2012,Regenerative Agriculture,PRADAN
IPM in Brinjal,https://drive.google.com/file/d/0ByE9Mc41r3OrVV9CTUdLaExCZ0k/view?usp=sharing,English,,,,Integrated pest management practices  in Brinjal,,,Pradan
IPM in Cucurbits,https://drive.google.com/file/d/0ByE9Mc41r3OrNDU0V3hCZG5FR0U/view?usp=sharing,English,,,,Integrated pest management practices in Cucurbits,,,Pradan
IPM in Cucurbits,https://drive.google.com/file/d/0ByE9Mc41r3OrNDU0V3hCZG5FR0U/view?usp=sharing,English,Training PPTs/materials,,,,2011,Regenerative Agriculture,PRADAN
IPM in Tomato,https://drive.google.com/file/d/0ByE9Mc41r3OrLVFWcFA5U2tjZTA/view?usp=sharing,English,Training PPTs/materials,,,,2011,Regenerative Agriculture,PRADAN
IPM in Tomato,https://drive.google.com/file/d/0ByE9Mc41r3OrLVFWcFA5U2tjZTA/view?usp=sharing,English,,,,Integrated pest management practices in Tomato,,,Pradan
IPM Practices for Cole Groups,https://drive.google.com/file/d/0ByE9Mc41r3OrUG5NQVpVenpwem8/view?usp=sharing,English,,,,Integrated pest management practices for cole group of vegetables,,,Pradan
IPM Practices for Cole Groups,https://drive.google.com/file/d/0ByE9Mc41r3OrUG5NQVpVenpwem8/view?usp=sharing,English,Training PPTs/materials,,,,2011,Regenerative Agriculture,PRADAN
Is women's empowerment a pathway to improving child nutrition outcomes in a nutrition-sensitive agriculture program?: Evidence from a randomized controlled trial in Burkina Faso,https://drive.google.com/file/d/1f1O0h1E7f0MgBXPz0JDtLzxb11WdYuZy/view?usp=sharing,English,,,,,,,Social Science and Medicine
Kharif Arhar (Pegion Pea),https://drive.google.com/file/d/0ByE9Mc41r3OrYVFiSzBGbi0zMHM/view?usp=sharing,English,,,,Package of practices for Pegion pea cultivation,,,Pradan
Kharif Arhar (Pegion Pea),https://drive.google.com/file/d/0ByE9Mc41r3OrYVFiSzBGbi0zMHM/view?usp=sharing,English,Training PPTs/materials,,,,2014,Regenerative Agriculture,PRADAN
Kitchen Garden Model,https://drive.google.com/file/d/1_D9X1iC7mkEaD1N36vrICLNwYzTahLzP/view?usp=sharing,English,,,,Kitchen Garden Package of Practices adopted in Chakai ,,,PRADAN
Lac - Value Chain Analysis Report,https://drive.google.com/file/d/0ByE9Mc41r3OrUW9sbW1acWVpYk0/view?usp=sharing,English,,,,Value Chain Analysis of Lac conducted by PRADAN,,,Pradan
Lacquered Dreams - Promoting Livelihoods Through Lac,https://drive.google.com/file/d/0ByE9Mc41r3OrZmI1MFp1UHh5TUk/view?usp=sharing,English,,,,Brochure on Lac Promotion and its impact on rural poor,,,Pradan
Lets Breathe - Air ,https://drive.google.com/file/d/19gir5CyzMPBROo7d3WiHsBZS6kmY8f0n/view?usp=drive_link,English,,,,Urban,,,Reap Benefit
Lighting Up The Hills,https://drive.google.com/file/d/0ByE9Mc41r3Orb2ZzVjk5ZlRZdDA/view?usp=sharing,English,,,,"A document on the life and livelihoods of the Pahariya tribals in Sundarpahari, Jharkhand",,,Pradan
Livelihood Oppoortunities in Tasar Sericulture,https://drive.google.com/file/d/0ByE9Mc41r3OrVS1Fd3hvSGZCTkU/view?usp=sharing,English,,,,A resource book for practitioners to develop understanding on various dimensions of tasar sericulture promotion as a viable livelihood option,,,Pradan
Livelihood Opportunities in Broiler Farming,https://drive.google.com/file/d/0ByE9Mc41r3OrSjBqRVFNVHBjclk/view?usp=sharing,English,Livelihood Resource Books/Handbooks,,,,2007,Livestock and Poultry,PRADAN
Livelihood Opportunities in Broiler Farming,https://drive.google.com/file/d/0ByE9Mc41r3OrSjBqRVFNVHBjclk/view?usp=sharing,English,,,,A resource book for practitioners to develop understanding on various dimensions of broiler poultry promotion with rural poor,,,Pradan
Living Waters - Promoting Community Managed Micro Lift Irrigation Among the Poor,https://drive.google.com/file/d/0ByE9Mc41r3Ora2N4dVFKYmhvMW8/view?usp=sharing,English,,,,A handbook for practitioners  on Promoting Community managed micro Lift irrigation among the rural poor,,,Pradan
Living Waters - Promoting Community Managed Micro Lift Irrigation Among the Poor,https://drive.google.com/file/d/0ByE9Mc41r3Ora2N4dVFKYmhvMW8/view?usp=sharing,English,Handbook/Resource Book,,,,2005,Regenerative Agriculture,PRADAN
Mango Market Overview and Opportunities,https://drive.google.com/file/d/0ByE9Mc41r3OrUnJBVVRhd0tVbG8/view?usp=sharing,English,,,,Study on Scope of Mango market overview and opportunities for small holders,,,Pradan
Mango Market Overview and Opportunities,https://drive.google.com/file/d/0ByE9Mc41r3OrUnJBVVRhd0tVbG8/view?usp=sharing,English,Study/Report ,,,,2011,Regenerative Agriculture,PRADAN
Manual on Seed Production and Certification ,https://drive.google.com/file/d/1KK3HcGpJSVT9zm7NOgIz4wSYjlztmmcV/view?usp=sharing,English,Booklet ,,,,,Yes,CIKS
MEGP Niti Ayog Framework for Millets ,https://drive.google.com/file/d/17GwH1h_h6jRZixZLMTW-DyEMZdjLEGlT/view?usp=drivesdk,English,,,,,,Yes,GOI
Million Litres Club,https://drive.google.com/file/d/1iiEvhs1nob0XmPBF03Y6cTDsdDOJUwa8/view?usp=drive_link,English,,,,Urban,,,Reap Benefit
Minutes of the Meeting - Millets for Millions,https://drive.google.com/file/d/11iyzVyZUUDdhkQOEzVETYYi8k0586TjC/view?usp=sharing,English,,,,,,,Wassan
"NATIONAL LIVELIHOOD RESOURCE CENTER, KESLA POULTRY SAHKARI MARYADIT - AN IMPACT ASSESSMENT STUDY ON OWNER MEMBERS",https://drive.google.com/file/d/0ByE9Mc41r3OrUVlpdzFWdzNmVlk/view?usp=sharing,English,,,,Impact assessment Study on the life of poultry rearers of Kesla Poultry Society,,,Pradan
"NATIONAL LIVELIHOOD RESOURCE CENTER, KESLA POULTRY SAHKARI MARYADIT - AN IMPACT ASSESSMENT STUDY ON OWNER MEMBERS",https://drive.google.com/file/d/0ByE9Mc41r3OrUVlpdzFWdzNmVlk/view?usp=sharing,English,Impact Evaluation for Ongoing/Past Projects,,Madhya Pradesh,,2011,Livestock and Poultry,PRADAN
"Natural Farming through a Wide Angle Lens: True Cost Accounting of Community-Managed Natural Farming in Andhra Pradesh, India",https://drive.google.com/file/d/1MLLZvKBZY4uL4Pjfcc8r6pHWOryKLpNn/view?usp=drivesdk,English,Book,,,Evidence for natural farming from APCNF. Gaps and insights. ,,Yes,APCNF
Neighbourhood Challenges Map,https://drive.google.com/file/d/1PWCk-mNzkgNDGrxJpWeSMiXGRQwW6XZb/view?usp=drive_link,English,,,,Urban,,,Reap Benefit
Neighbourhood Journalist ,https://drive.google.com/file/d/1pub0p_KPcxpGFFxYGjcwNgrtdPJVbsrb/view?usp=drive_link,English,,,,Urban,,,Reap Benefit
NREGA - Beyond Wages To Sustainable Livelihoods,https://drive.google.com/file/d/0ByE9Mc41r3OrQURpY0k1eHdiV3c/view?usp=sharing,English,Study/Report ,,,,2008,Regenerative Agriculture,PRADAN
NREGA - Beyond Wages To Sustainable Livelihoods,https://drive.google.com/file/d/0ByE9Mc41r3OrQURpY0k1eHdiV3c/view?usp=sharing,English,,,,Report of the workshop on Scope of livelihood based asset creation through MGNREGA. The workshop was organised by PRADAN ,,,Pradan
NRLM Advisory on Agri- Nutrition garden ,https://drive.google.com/file/d/11SJff1Y1zfwn3vRi3L0atbyHNf3XzamX/view?usp=sharing,English,,,,"The document is an advisory to SRLMs, outlining the contents of Agri-nutri garden. The advisory is also a reference document for rolling out Kitchen garden in the respective SRLMs",,,NRLM
Nutrient Deficiencies in Tribal Community - Odisha Economic Discussion Series 8,https://drive.google.com/file/d/1sQBCKlDBEesZa162BOygtaWOxMA1UIco/view?usp=sharing,English,,,,"The paper proposes to estimate nutrient-specific intake in a tribal community and whether their intake meets the requirement, to analyse the relationship between the numbers of nutrient deficiencies with the number of food groups consumed, and to examine the nutritional status of pregnant and lactating mothers",,,"Nabakrushna Choudhury Centre for Development Studies, Bhubaneswar"
Nutrition Garden - Best Practices,https://drive.google.com/file/d/1vV1kR63BomAdtaLz55NRSFlpDmNj2-D0/view?usp=sharing,English,Document,"nutrition, gardening, vegetable garden, organic farming, agriculture, Regenerative Agriculture",,,,Yes,"WHH, NCNF"
Nutrition Sensitive Integrated Farming ,https://drive.google.com/file/d/1mLHf1eJP4cQ0Yw7W0-KSEnidg20-W2k8/view?usp=sharing,English,Flipbook,"gardening, vegetable garden, nutrition, Natural Farming, organic farming, Regen Agriculture",,,,,WHH
Odisha Millet Millsion - About,https://drive.google.com/file/d/16SKIPJae_MjlKrBYKTBc5PLwXxy-2Xka/view?usp=sharing,English,,,,,,,Wassan
On Farm conservation of Indigenous seeds,https://drive.google.com/file/d/1oE09zH7a4ibx9MN2_9M3jOnUlw6Okae9/view?usp=sharing,English,Booklet ,,,,,Yes,CIKS
Paddy Value Chain Opportunities for Balaghat,https://drive.google.com/file/d/0ByE9Mc41r3OrRWpJYUpYS1JJM1E/view?usp=sharing,English,Study/Report ,,Odisha,,2009,Regenerative Agriculture,PRADAN
Paddy Value Chain Opportunities for Balaghat,https://drive.google.com/file/d/0ByE9Mc41r3OrRWpJYUpYS1JJM1E/view?usp=sharing,English,,,,Discussion document on the paddy value chain opportunities in Balaghat (Madhya Pradesh),,,Pradan
Paddy Value Chain Opportunities for Smallholders in India ,https://drive.google.com/file/d/0ByE9Mc41r3OrMml0clVlRnI3dGs/view?usp=sharing,English,Study/Report ,,,,2009,Regenerative Agriculture,PRADAN
Paddy Value Chain Opportunities for Smallholders in India ,https://drive.google.com/file/d/0ByE9Mc41r3OrMml0clVlRnI3dGs/view?usp=sharing,English,,,,Report on Paddy Value chain opportunities for small holders in India,,,Pradan
Perspective and Practices for Livelihood Promotion,https://drive.google.com/file/d/0ByE9Mc41r3OrdW1MbmV2WllqRXM/view?usp=sharing,English,,,,A handbook for  Development practioners on Perspective and practices in livelihood promotion,,,PRADAN
PERSPECTIVE BUILDING EXERCISE FOR COMMUNITY LEADERS - PHASE II,https://drive.google.com/file/d/0ByE9Mc41r3OrTGU1emp0ZTh5eW8/view?usp=sharing,English,,,,"A facilitator's guide for perspective building of Community Leaders on
Aspects of Malnutrition and Social Determinants;  Infant and Young Child Feeding (IYCF) practices; and Food Diversity",,,PRADAN and PHRN
PERSPECTIVE BUILDING EXERCISE FOR COMMUNITY LEADERS - PHASE III,https://drive.google.com/file/d/0ByE9Mc41r3OrYlRVNjd1TkF6Q2c/view?usp=sharing,English,,,,"A facilitator's guide for Perspective Building of Community Leaders on Concept and meaning of entitlements specifically dealing with provisions for women under food security, work and wages, and health entitlements.",,,PRADAN and PHRN
POSHAN - Improving Nutrition in Chhattisgarh,https://drive.google.com/file/d/1emDJcpSCuI7IhTwFAUmoNdfNPdo41d0L/view?usp=sharing,English,,,,"Policy note - Insights from Examining Trends in Outcomes, Determinants and Interventions between 2006 and 2016 in Chhatisgarh",,,IFPRI
Posibilities of Tasar Pre-cocoon Expansion Through Financial Linkage,https://drive.google.com/file/d/0ByE9Mc41r3OrZTNiU21XaV9NWFk/view?usp=sharing,English,,,,Study report on possibilities of tasar pre cocoon expansion through more infusion of bank finances,,,Pradan
Protecting Maternal Diets and Nutrition Services and Practices in the context of COVID 19,https://drive.google.com/file/d/1lvnM9Sy8w4gjQOI3SZQJ1oe-KEZM4QdP/view?usp=sharing,English,,,,"The report brief provides a programmatic guidance on actions on protecting maternal diets, services and practices in context of COVID19",,,"WFP, UNICEF, Global Nutrition Cluster, GTAM"
Ragi Value Chain & Sub-sector Analysis Report,https://drive.google.com/file/d/0ByE9Mc41r3OrN29QUGtaaDV5MUE/view?usp=sharing,English,,,,Report of the Study on Ragi Value chain and sub-sector analysis ,,,Pradan
Ragi Value Chain & Sub-sector Analysis Report,https://drive.google.com/file/d/0ByE9Mc41r3OrN29QUGtaaDV5MUE/view?usp=sharing,English,Study/Report ,,"Odisha, Andhra Pradesh, Karnataka and other parts of India",,,Regenerative Agriculture,PRADAN
RO Water ,https://drive.google.com/file/d/16akvWtkJXejq5k0K6-lAScYnfWTE0-iE/view?usp=drive_link,English,,,,Urban,,,Reap Benefit
Seed production experiences from the field ,https://drive.google.com/file/d/1ae1CGN8R5MU8BFQhapH27ayp83JbSsu7/view?usp=sharing,English,Booklet ,,,,,Yes,CIKS
Seed production techniques for cereals and millets ,https://drive.google.com/file/d/1jGZx64a-Rzwvpw2W2Gt5CCJyLJSuv2a7/view?usp=sharing,English,Booklet ,,,,,Yes,CIKS
Seed production techniques for oil seeds and pulses ,https://drive.google.com/file/d/1h2adwLELpgsQJUWEK-BXEyRn2KV1mNSv/view?usp=sharing,English,Booklet ,,,,,Yes,CIKS
Seed production techniques for vegetables ,https://drive.google.com/file/d/1R3mSWXfRP6cI5LIVkeQ8AkVjI7_wqqSD/view?usp=sharing,English,Booklet ,,,,,Yes,CIKS
Seed Savers Directory,https://drive.google.com/file/d/1lr2-3MkoPWrLD9eFyJDYn6e_DCen_f1N/view?usp=drivesdk,English,Document,,,,,Yes,Asha Network
Seed Situation Analysis ,https://drive.google.com/file/d/1he5nDp58nPRrJTqbWNxcAIlKdfrr5Wye/view?usp=sharing,English,Booklet ,,,,,Yes,CIKS
Seed Storage Techniques - A Primer ,https://drive.google.com/file/d/1jJtoomM2j5AtTLSzMPgWw9h_m_OtSNMD/view?usp=sharing,English,Booklet ,,,,,Yes,CIKS
Seed Treatment Techniques ,https://drive.google.com/file/d/1xaU31KBkESjeKA1uwv3VbyIGe9n65N-Y/view?usp=sharing,English,Booklet ,,,,,Yes,CIKS
Segregation by Design ,https://drive.google.com/file/d/1ijPTX841h4HBZxAoJ27Zw6XninFy8Aof/view?usp=drive_link,English,,,,Urban,,,Reap Benefit
SGSY Special Projects for Tasar Development In Bihar and Jharkhand: Initiatives and Impact ,https://drive.google.com/file/d/0ByE9Mc41r3OrNmRTSDdwbTUzN3c/view?usp=sharing,English,,,,Paper on Tasar development promotion in Bihar and Jharkhand - initiatives and impact through Special SGSY project,,,Pradan
SGSY Special Projects On Tasar Development In Bihar and Jharkhand,https://drive.google.com/file/d/0ByE9Mc41r3OrbDFnNjh3U1Q0WlU/view?usp=sharing,English,,,,Paper on innovative concepts on Tasar Development in Bihar and Jharkhand through trhough SGSY special project,,,Pradan
"Siali - A Document on the Siali Leaf Plate Making Activity of Kandhamal District, Orrisa",https://drive.google.com/file/d/0ByE9Mc41r3OrcjVXWXFyRWhROXc/view?usp=sharing,English,,,,A report on Siali Leaf plate making as livelihhood opportunity for rural poor women ,,,Pradan
"Silken Spread - A Special SGSY Project, Implemented by PRADAN",https://drive.google.com/file/d/0ByE9Mc41r3OrT055UHJTMmlqMlU/view?usp=sharing,English,,,,Report on the impact of Special SGSY project implemented by PRADAN,,,Pradan
Social Distancing ,https://drive.google.com/file/d/1CJvgFYcKqmrvpfUmGEI5_c2fILwOtyzV/view?usp=drive_link,English,,,,Urban,,,Reap Benefit
Soppu,https://drive.google.com/file/d/1K1p5CcR6D5RzXFk2K6UAdNgkg3ZYiwJb/view?usp=drivesdk,English,Booklet ,,,,,Yes,Azim Premji
Source Book on India's Organic Seeds,https://drive.google.com/file/d/1LAJGIbbtNFFLMdezO3CTtmyPHMXuM7DO/view?usp=drivesdk,English,Catalogue,,,,,Yes,ASHA network - Seed Catalogue
SRI - Transforming Rice Production with SRI (System of Rice Intensification) Knowledge and Practice,https://drive.google.com/file/d/0ByE9Mc41r3OrdWxnNjhEczBldnc/view?usp=sharing,English,,,,"Book explains the origin, principles and practices of System of Rice Intensification (SRI)",,,"AgSRI, Hivos & RRA"
SRI - Transforming Rice Production with SRI (System of Rice Intensification) Knowledge and Practice,https://drive.google.com/file/d/0ByE9Mc41r3OrdWxnNjhEczBldnc/view?usp=sharing,English,Book,,,,2013,Regenerative Agriculture,PRADAN
SRI ADOPTION STUDY,https://drive.google.com/file/d/0ByE9Mc41r3OrS2dacmpiZzNqcm8/view?usp=sharing,English,Brochure/Leaflet/Poster,,,,2014,Regenerative Agriculture,PRADAN
SRI ADOPTION STUDY,https://drive.google.com/file/d/0ByE9Mc41r3OrS2dacmpiZzNqcm8/view?usp=sharing,English,,,,The study focusses on the Adoption and disadoption of SRI by various farm sizes particularly targeting small holder farming,,,PRADAN
State of Nutrition among Parliamentary consituencies of India,https://drive.google.com/file/d/1wEm7Od0pem-PuZH9a23Cpdszh7Pn7YcG/view?usp=sharing,English,,,,The reports gives an assesment of the status of child health and nutrition in 543 parliamentary constituencies in context of POSHAN ABHIYAN,,,
Strands of Life - Promoting Tasar Yarn Production Among the Rural Poor,https://drive.google.com/file/d/0ByE9Mc41r3OrdFpwWFdtVWF4U00/view?usp=sharing,English,,,,A hand book for practitioners on Tasar silk worm rearing activity and tasar silk yarn production,,,Pradan
System of Rice Intensification - A Synthesis of Scientific Experiments and Experiences,https://drive.google.com/file/d/0ByE9Mc41r3OrdE5VaTZ3RFc3U28/view?usp=sharing,English,Book for practitioners,,,,2011,Regenerative Agriculture,PRADAN
System of Rice Intensification - A Synthesis of Scientific Experiments and Experiences,https://drive.google.com/file/d/0ByE9Mc41r3OrdE5VaTZ3RFc3U28/view?usp=sharing,English,,,,"Bookfor practioners, researchers, academicianson its principle, policy makers  on SRI - its principles and practices and science behind SRI.",,,Tamil Nadu Agricultural University and National Consortium of SRI
System of Rice Intensification (SRI) - An analysis of dynamics of adoption and disadoption process of SRI in six districts of eastern India ,https://drive.google.com/file/d/0ByE9Mc41r3OrRTc3WFNUVHJDQUU/view?usp=sharing,English,,,,A study report on the adoption and disadoption process of SRI in rainfed areas and assessment of SRI as comapred to conventioonal method,,,PRADAN
System of Rice Intensification (SRI) - An analysis of dynamics of adoption and disadoption process of SRI in six districts of eastern India ,https://drive.google.com/file/d/0ByE9Mc41r3OrRTc3WFNUVHJDQUU/view?usp=sharing,English,Study/Report ,,,,2012,Regenerative Agriculture,PRADAN
Tasar Handbook,https://drive.google.com/file/d/0ByE9Mc41r3OrNWY1NE1QbnJZaTA/view?usp=sharing,English,,,,A handbook on Tasar as a livelihood option for practitioners,,,Pradan
Tasar silk yarn – Assessing market potential,https://drive.google.com/file/d/0ByE9Mc41r3OrdEVFRnBkVWp2bFU/view?usp=sharing,English,,,,A report on the study conducted to assess the market potential of Tasar silk yarn,,,Pradan
Tasar yarn production a new way to poor women to earn a livelihood,https://drive.google.com/file/d/0ByE9Mc41r3OrclZ0N2xKV0JseUE/view?usp=sharing,English,,,,Article on Tasar yarn production as an a livelihood opportunity for rural poor women,,,Pradan
The State of Food Security and Nutrition in the World - 2020,https://drive.google.com/file/d/1cKrAFe5ewEhrfVP200u-Dgb7RrPRMx_B/view?usp=sharing,English,,,,The report highlight the state of Food Security and Nutrition in the World and the recommendation. ,,,"FAO. IFAD, WFP, WHO, UNICEF"
Towards Achieving Water Sanitation & Hygiene Education Goals ,https://drive.google.com/file/d/0ByE9Mc41r3OrRUlnMkgzN0VqOWc/view?usp=sharing,English,,,,"A guidebook for facilitators on on interventions on safe drinking Water, Improved Sanitation and Promoting Hygiene behaviour in the rural areas",,,PRADAN
Traditional Varieties of Rice in Tamil Nadu ,https://drive.google.com/file/d/1wGpN-G5didpc5U7vX0lSgxDzILM92Ybx/view?usp=sharing,English,Booklet ,,,,,,CIKS
Upcycling Challenge,https://drive.google.com/file/d/11p7mb5p4IxT8tyI0ssrgWQgevqOsG_Xy/view?usp=drive_link,English,,,,Urban,,,Reap Benefit
Vulnerability Indexing ,https://drive.google.com/file/d/1MGt0VCetv5rylosxDWBJwV_Pa8mumYkY/view?usp=drive_link,English,,,,Urban,,,Reap Benefit
Weaving Livelihoods - A Socio-Economic Impact Study of Special SGSY Tasar Projects in Bihar and Jharkhand,https://drive.google.com/file/d/0ByE9Mc41r3OrYWlrUGM2UE15MEk/view?usp=sharing,English,,,,Socio-economic impact study on the rearers through the special SGSY Tasar projects in Bihar and Jharkhand,,,Central Silk Board
